<?xml version="1.0" encoding="UTF-8"?>
<beans xmlns="http://www.springframework.org/schema/beans"
	xmlns:xsi="http://www.w3.org/2001/XMLSchema-instance"
	xmlns:context="http://www.springframework.org/schema/context"
	xmlns:c="http://www.springframework.org/schema/c"
	xmlns:p="http://www.springframework.org/schema/p"
	xsi:schemaLocation="http://www.springframework.org/schema/beans http://www.springframework.org/schema/beans/spring-beans.xsd
		http://www.springframework.org/schema/context http://www.springframework.org/schema/context/spring-context-3.1.xsd">
	<!-- 
		baseBall.xml 설정파일 내부에... ConfigApp.java 설정 파일의 자바코드를 추가해서 설정
	 -->
	 <context:annotation-config/>
	 	<bean class="com.test.di5.ConfigApp"/>

	 <bean id="player2" class="com.test.di5.Player">
	 	<constructor-arg value="강정호"/>
	 	<constructor-arg value="27"/>
	 	<constructor-arg>
	 		<list>
	 			<value>2번 타자</value>
	 			<value>유격수</value>
	 		</list>
	 	</constructor-arg>
	 	<property name="height" value="188"/>
	 	<property name="weight" value="78"/>
	 </bean>	
</beans>
