<?xml version="1.0" encoding="UTF-8"?>
<beans xmlns="http://www.springframework.org/schema/beans"
	xmlns:xsi="http://www.w3.org/2001/XMLSchema-instance"
	xmlns:aop="http://www.springframework.org/schema/aop"
	xsi:schemaLocation="http://www.springframework.org/schema/beans http://www.springframework.org/schema/beans/spring-beans.xsd
		http://www.springframework.org/schema/aop http://www.springframework.org/schema/aop/spring-aop-3.1.xsd">
	<!-- 주업무 코드 -->
	<bean id="service" class="com.test.aop2.ServiceImpl"/>
	
	<!-- advice 역할(부가기능의 코드가 존재하는)을 하는 객체 생성 -->
	<bean id="loginAdvice" class="com.test.aop2.LogginAdvice"/>
	<bean id="timeCheckAdvice" class="com.test.aop2.TimeCheckAdvice"/>
	
	<!-- AOP설정 : ServiceImpl의 모든 메서드에 loggingAdvice의 logging기능이 메서드 수행 전(before)에 적용되도록 설정-->
	<!-- loginAdvice안의 메서드 이름 logging -->
	<aop:config>
		<aop:aspect ref="loginAdvice">
			<aop:before method="logging" pointcut="execution(* com.test.aop2.ServiceImpl.*())"/>
		</aop:aspect>
	</aop:config>
	
	<!-- AOP설정: aop:around일 경우 주의필요(해당 advice에서 joinPoint.proceed()코드 반드시 필요 -->
	<aop:config>
		<aop:aspect ref="timeCheckAdvice">
			<aop:around method="check" pointcut="execution(* com.test.aop2.ServiceImpl.*())"/>
		</aop:aspect>
	</aop:config>

</beans>
