<?xml version="1.0" encoding="UTF-8"?>
<beans xmlns="http://www.springframework.org/schema/beans"
	xmlns:xsi="http://www.w3.org/2001/XMLSchema-instance"
	xmlns:aop="http://www.springframework.org/schema/aop"
	xsi:schemaLocation="http://www.springframework.org/schema/beans http://www.springframework.org/schema/beans/spring-beans.xsd
		http://www.springframework.org/schema/aop http://www.springframework.org/schema/aop/spring-aop-3.1.xsd">
	<!-- 부가기능의 클래스에 대한 객체 생성 -->
	<bean id="advicelog" class="com.test.aop.AdviceLog"/>
	
	<!-- 핵심기능 + 부가기능에 대한 aop설정 -->
	<aop:config>
		<aop:aspect id="prof" ref="advicelog">
			<!-- 부가기능이 적용되는 포인트 컷 지접이 있는 AdviceLog클래스가 속해 있는 전체 영역
				(com.test.aop패키지 영역)을 지정 -->
			<aop:pointcut expression="within(com.test.aop.*)" id="pcMethod"/>
			<!-- 전체영역(패키지) 중! AdviceLog클래스의 profile메소드를 포인트 컷으로 설정하는데
				aop:around는 핵심기능 실행 전, 핵심기능 실행 후에 advice(부가기능)를 실행시키는 설정
			-->
			<aop:around method="profile" pointcut-ref="pcMethod"/>
		</aop:aspect>
	</aop:config>
	<!-- 핵심기능 클래스 객체생성 설정 -->
	<bean id="student" class="com.test.aop.Student">
		<property name="name" value="끼루룩"/>
		<property name="hakbun" value="20141414"/>
		<property name="age" value="248"/>
		<property name="grade" value="5학년"/>
	</bean>
	
	<!-- 핵심기능을 하는 클래스에 대한 객체 생성 설정 -->
	<bean id="staff" class="com.test.aop.Staff">
		<property name="name" value="금요일"/>
		<property name="age" value="143"/>
		<property name="dept" value="놀기"/>
	</bean>

</beans>
